id,name,age
1,Alice,30
2,Bob,28
3,Charlie,35
4,David,42
5,Eve,25
6,Francis,37
7,Gina,29
8,Hank,45
9,Isabel,33
10,Jack,28
11,Karen,39
12,Liam,31
13,Mia,27
14,Noah,34
15,Olivia,26
16,Peter,40
17,Quinn,32
18,Rachel,36
19,Steven,29
20,Tina,43
21,Uriel,38
22,Victoria,31
23,William,27
24,Xena,40
25,Yuri,35
26,Zara,29
27,Adam,33
28,Bella,36
29,Chris,30
30,Diana,27
31,Ethan,41
32,Fiona,34
33,George,28
34,Holly,39
35,Ivan,32
36,Jessica,26
37,Kyle,38
38,Lily,31
39,Marcus,35
40,Nina,29
41,Oscar,43
42,Paige,37
43,Quentin,30
44,Rita,33
45,Sean,28
46,Tara,41
47,Victor,34
48,Wendy,27
49,Xander,39
50,Yvonne,32
