project_id,name,description,skill_id,location_id,company_id
501,Tech Innovate,Revolutionizing technology solutions,301,201,101
502,Finance Transformation,Optimizing financial processes,302,202,102
503,Manufacturing Excellence,Advancing manufacturing techniques,303,203,103
504,HealthCare Solutions,Innovative healthcare technologies,304,204,104
505,Consulting Success,Strategic consulting for businesses,305,205,105
506,Data Analytics Hub,Driving insights through advanced analytics,307,207,107
507,Innovation Lab,Fostering creativity and breakthroughs,306,206,106
508,Sustainable Energy Project,Promoting green and sustainable energy,309,209,109
509,Smart City Initiative,Transforming cities with smart technologies,311,211,111
510,Robotics Research,Advancing the field of robotics,318,218,118
511,Medical Research Center,Conducting groundbreaking medical research,304,204,104
512,Supply Chain Optimization,Enhancing efficiency in supply chain operations,315,215,115
513,AI Integration Project,Integrating artificial intelligence into business processes,310,210,110
514,Environmental Sustainability Program,Promoting eco-friendly practices,319,219,119
515,Space Exploration Mission,Exploring the frontiers of space,321,221,121
516,Financial Technology Innovation,Driving innovation in financial technology,302,202,102
517,Virtual Reality Experience,Creating immersive virtual reality experiences,308,208,108
518,Agile Development Initiative,Implementing agile methodologies for development,301,201,101
519,Health and Wellness App Development,Creating apps for health and wellness,304,204,104
520,Blockchain Solutions Project,Implementing blockchain solutions for various industries,317,217,117
521,Smart Agriculture Initiative,Applying technology to improve agricultural practices,316,216,116
522,Data Science for Social Impact,Using data science for positive societal impact,307,207,107
523,Advanced Manufacturing Technologies,Implementing advanced technologies in manufacturing,303,203,103
524,Inclusive Design Project,Designing products for inclusivity and accessibility,313,213,113
525,Financial Inclusion Program,Promoting financial inclusion through technology,305,205,105
526,Green Energy Innovation,Innovating in the field of green energy,309,209,109
527,Smart Mobility Solutions,Developing smart solutions for transportation,314,214,114
528,Human-AI Collaboration Research,Exploring collaboration between humans and AI,311,211,111
529,Innovative E-commerce Platform,Revolutionizing the e-commerce industry,306,206,106
530,Quantum Computing Research,Advancing the field of quantum computing,322,222,122
531,Future of Work Initiative,Shaping the future of work with technology,310,210,110
532,Autonomous Vehicles Project,Developing autonomous vehicles for the future,314,214,114
533,Climate Change Mitigation Program,Addressing climate change through technology,319,219,119
534,Smart Grid Implementation,Implementing smart grid solutions for energy,316,216,116
535,Global Health Technology Project,Using technology to address global health challenges,304,204,104
536,Space Colonization Research,Researching technologies for space colonization,321,221,121
537,Inclusive Education Initiative,Promoting inclusive education with technology,313,213,113
538,Blockchain for Social Impact,Utilizing blockchain for positive social impact,317,217,117
539,Smart Home Automation Project,Creating smart solutions for home automation,308,208,108
540,Robotics in Education Program,Integrating robotics into educational programs,318,218,118
541,Augmented Reality Applications,Developing applications for augmented reality,307,207,107
542,Data Privacy and Security Initiative,Enhancing data privacy and security measures,310,210,110
543,Innovative Retail Technology,Introducing innovative technology in the retail sector,306,206,106
544,Renewable Energy Solutions Project,Developing solutions for renewable energy,309,209,109
545,Cybersecurity Awareness Program,Raising awareness about cybersecurity,311,211,111
546,Smart City Infrastructure Development,Developing infrastructure for smart cities,315,215,115
547,Sustainable Fashion Innovation,Promoting sustainability in the fashion industry,313,213,113
548,Remote Collaboration Tools Development,Creating tools for remote collaboration,301,201,101
549,Biotechnology Advancements Research,Advancing biotechnology for medical breakthroughs,304,204,104
550,Green Transportation Solutions,Developing sustainable transportation solutions,316,216,116
