team_id,name,description,project_id
601,Development Team,Creating cutting-edge software solutions,501
602,Finance Team,Managing financial strategies and analysis,501
603,Design Team,Innovative and creative product design,501
604,Research Team,Conducting advanced research in various fields,501
605,Consulting Team,Providing strategic consulting services,501
606,Data Analytics Team,Analyzing and interpreting complex data,501
607,Innovation Team,Fostering creativity and breakthroughs,501
608,Sustainable Energy Team,Developing sustainable energy solutions,501
609,Smart City Team,Implementing smart technologies for cities,501
610,Robotics Team,Advancing the field of robotics,501
611,Medical Research Team,Conducting medical research for breakthroughs,501
612,Supply Chain Team,Optimizing supply chain operations,501
613,AI Integration Team,Integrating AI into business processes,502
614,Environmental Sustainability Team,Promoting eco-friendly practices,502
615,Space Exploration Team,Exploring space for scientific discoveries,502
616,Financial Technology Team,Driving innovation in financial technology,502
617,Virtual Reality Team,Creating immersive virtual reality experiences,502
618,Agile Development Team,Implementing agile methodologies for development,502
619,Health and Wellness Team,Creating technology solutions for health,502
620,Blockchain Solutions Team,Implementing blockchain solutions,502
621,Smart Agriculture Team,Applying technology to improve agriculture,502
622,Data Science Team,Applying data science for insights,502
623,Advanced Manufacturing Team,Implementing advanced manufacturing technologies,502
624,Inclusive Design Team,Designing products for inclusivity,502
625,Financial Inclusion Team,Promoting financial inclusion through technology,502
626,Green Energy Innovation Team,Innovating in the field of green energy,502
627,Smart Mobility Team,Developing smart solutions for transportation,502
628,Human-AI Collaboration Research Team,Researching collaboration between humans and AI,502
629,Innovative E-commerce Team,Revolutionizing e-commerce with technology,503
630,Quantum Computing Research Team,Advancing quantum computing technologies,503
631,Future of Work Team,Shaping the future of work with technology,503
632,Autonomous Vehicles Team,Developing autonomous vehicles,503
633,Climate Change Mitigation Team,Addressing climate change through technology,520
634,Smart Grid Team,Implementing smart grid solutions for energy,520
635,Global Health Technology Team,Using technology for global health challenges,520
636,Space Colonization Research Team,Researching technologies for space colonization,520
637,Inclusive Education Team,Promoting inclusive education with technology,520
638,Blockchain for Social Impact Team,Utilizing blockchain for social impact,520
639,Smart Home Automation Team,Creating smart solutions for home automation,520
640,Robotics in Education Team,Integrating robotics into educational programs,520
641,Augmented Reality Team,Developing applications for augmented reality,514
642,Data Privacy and Security Team,Enhancing data privacy and security,514
643,Innovative Retail Technology Team,Introducing innovative technology in retail,514
644,Renewable Energy Solutions Team,Developing solutions for renewable energy,514
645,Cybersecurity Awareness Team,Raising awareness about cybersecurity,514
646,Smart City Infrastructure Team,Developing infrastructure for smart cities,514
647,Sustainable Fashion Innovation Team,Promoting sustainability in fashion,514
648,Remote Collaboration Tools Team,Creating tools for remote collaboration,514
649,Biotechnology Advancements Research Team,Advancing biotechnology for breakthroughs,514
650,Green Transportation Solutions Team,Developing sustainable transportation solutions,514
